-- phpMyAdmin SQL Dump
-- version 4.0.10.6
-- http://www.phpmyadmin.net
--
-- Хост: 127.0.0.1:3306
-- Время создания: Окт 30 2017 г., 20:41
-- Версия сервера: 5.5.41-log
-- Версия PHP: 5.3.29

SET SQL_MODE = "NO_AUTO_VALUE_ON_ZERO";
SET time_zone = "+00:00";


/*!40101 SET @OLD_CHARACTER_SET_CLIENT=@@CHARACTER_SET_CLIENT */;
/*!40101 SET @OLD_CHARACTER_SET_RESULTS=@@CHARACTER_SET_RESULTS */;
/*!40101 SET @OLD_COLLATION_CONNECTION=@@COLLATION_CONNECTION */;
/*!40101 SET NAMES utf8 */;

--
-- База данных: `new_project`
--

-- --------------------------------------------------------

--
-- Структура таблицы `users`
--

CREATE TABLE IF NOT EXISTS `users` (
  `users_id` int(11) NOT NULL AUTO_INCREMENT,
  `first_name` varchar(15) NOT NULL,
  `last_name` varchar(15) NOT NULL,
  `email` varchar(50) NOT NULL,
  `users_login` varchar(15) NOT NULL,
  `users_password` varchar(15) NOT NULL,
  `activated` tinyint(1) NOT NULL,
  `hash` varchar(255) NOT NULL,
  PRIMARY KEY (`users_id`)
) ENGINE=InnoDB  DEFAULT CHARSET=utf8 AUTO_INCREMENT=58 ;

--
-- Дамп данных таблицы `users`
--

INSERT INTO `users` (`users_id`, `first_name`, `last_name`, `email`, `users_login`, `users_password`, `activated`, `hash`) VALUES
(55, '12345', '12345', '12@mail.ru', '12345', '12345', 1, '737337288cc1f87222cf26bfde061aa6'),
(57, 'anton', 'anton', '12345@mail.ru', 'anton', '', 1, '5fac361844a9005b95398aa59f39aa8b');

-- --------------------------------------------------------

--
-- Структура таблицы `users_admin`
--

CREATE TABLE IF NOT EXISTS `users_admin` (
  `users_id` int(11) NOT NULL AUTO_INCREMENT,
  `first_name` varchar(15) CHARACTER SET utf8 NOT NULL,
  `last_name` varchar(15) CHARACTER SET utf8 NOT NULL,
  `email` varchar(50) CHARACTER SET utf8 NOT NULL,
  `users_login` varchar(15) CHARACTER SET utf8 NOT NULL,
  `users_password` varchar(15) CHARACTER SET utf8 NOT NULL,
  PRIMARY KEY (`users_id`)
) ENGINE=InnoDB  DEFAULT CHARSET=utf8mb4 AUTO_INCREMENT=2 ;

--
-- Дамп данных таблицы `users_admin`
--

INSERT INTO `users_admin` (`users_id`, `first_name`, `last_name`, `email`, `users_login`, `users_password`) VALUES
(1, 'admin', 'admin', 'admin@mail.ru', 'admin', 'admin');

-- --------------------------------------------------------

--
-- Структура таблицы `users_coments`
--

CREATE TABLE IF NOT EXISTS `users_coments` (
  `id` int(11) NOT NULL AUTO_INCREMENT,
  `coments` varchar(200) NOT NULL,
  `subject` varchar(50) NOT NULL,
  `date` datetime NOT NULL,
  `users_id` int(11) NOT NULL,
  `activated` tinyint(1) NOT NULL,
  PRIMARY KEY (`id`)
) ENGINE=InnoDB  DEFAULT CHARSET=utf8 AUTO_INCREMENT=55 ;

--
-- Дамп данных таблицы `users_coments`
--

INSERT INTO `users_coments` (`id`, `coments`, `subject`, `date`, `users_id`, `activated`) VALUES
(9, 'это комент', 'это тема', '2017-01-23 19:46:31', 55, 1),
(18, 'вот я написал комент', 'вот я написал тему', '2017-07-03 15:52:52', 55, 0),
(54, 'dvsdvsdv', 'vdsvs', '2017-10-13 00:18:51', 55, 0);

-- --------------------------------------------------------

--
-- Структура таблицы `vg_areas`
--

CREATE TABLE IF NOT EXISTS `vg_areas` (
  `area_id` int(11) NOT NULL AUTO_INCREMENT,
  `country` int(11) NOT NULL,
  `area` varchar(255) NOT NULL,
  PRIMARY KEY (`area_id`)
) ENGINE=InnoDB  DEFAULT CHARSET=utf8 AUTO_INCREMENT=33 ;

--
-- Дамп данных таблицы `vg_areas`
--

INSERT INTO `vg_areas` (`area_id`, `country`, `area`) VALUES
(1, 1, 'Київська'),
(2, 1, 'Вінницька'),
(3, 2, 'Московская'),
(4, 1, 'Волинська'),
(5, 1, 'Дніпропетровська'),
(6, 1, 'Донецька'),
(7, 1, 'Житомирська'),
(8, 1, 'Закарпатська'),
(9, 1, 'Запорізька'),
(10, 1, 'Івано-Франківська'),
(11, 1, 'Кіровоградська'),
(12, 1, 'Луганська'),
(13, 1, 'Львівська'),
(14, 1, 'Миколаївська'),
(15, 1, 'Одеська'),
(16, 1, 'Полтавська'),
(17, 1, 'Рівненська'),
(18, 1, 'Сумська'),
(19, 1, 'Тернопільська'),
(20, 1, 'Харківська'),
(21, 1, 'Херсонська'),
(22, 1, 'Хмельницька'),
(23, 1, 'Черкаська'),
(24, 1, 'Чернівецька'),
(25, 1, 'Чернігівська'),
(26, 1, 'АР Крим'),
(27, 3, 'Брестская'),
(28, 3, 'Гомельская'),
(29, 3, 'Гродненская'),
(30, 3, 'Могилёвская'),
(31, 3, 'Минская'),
(32, 3, 'Витебская');

-- --------------------------------------------------------

--
-- Структура таблицы `vg_citys`
--

CREATE TABLE IF NOT EXISTS `vg_citys` (
  `city_id` int(11) NOT NULL AUTO_INCREMENT,
  `city` varchar(255) NOT NULL,
  `area` int(11) NOT NULL,
  `country` int(11) NOT NULL,
  PRIMARY KEY (`city_id`)
) ENGINE=InnoDB  DEFAULT CHARSET=utf8 AUTO_INCREMENT=5 ;

--
-- Дамп данных таблицы `vg_citys`
--

INSERT INTO `vg_citys` (`city_id`, `city`, `area`, `country`) VALUES
(1, 'Київ', 1, 1),
(2, 'Москва', 3, 2),
(3, 'Минск', 31, 3),
(4, 'Донецьк', 6, 1);

-- --------------------------------------------------------

--
-- Структура таблицы `vg_countrys`
--

CREATE TABLE IF NOT EXISTS `vg_countrys` (
  `country_id` int(11) NOT NULL AUTO_INCREMENT,
  `country` varchar(255) NOT NULL,
  PRIMARY KEY (`country_id`)
) ENGINE=InnoDB  DEFAULT CHARSET=utf8 AUTO_INCREMENT=238 ;

--
-- Дамп данных таблицы `vg_countrys`
--

INSERT INTO `vg_countrys` (`country_id`, `country`) VALUES
(1, 'Україна'),
(2, 'Россия'),
(3, 'Беларусь'),
(4, 'Австралия'),
(5, 'Австрия'),
(6, 'Азербайджан'),
(7, 'Албания'),
(8, 'Алжир'),
(9, 'Американское Самоа'),
(10, 'Англия (Брит.)'),
(11, 'Ангола'),
(12, 'Андорра'),
(13, 'Антигуа и Барбуда'),
(14, 'Аргентина'),
(15, 'Армения'),
(16, 'Аруба (Нид.)'),
(17, 'Афганистан'),
(18, 'Багамы'),
(19, 'Бангладеш'),
(20, 'Барбадос'),
(21, 'Бахрейн'),
(22, 'Белиз'),
(23, 'Бельгия'),
(24, 'Бенин'),
(25, 'Бермуды (Брит.)'),
(26, 'Болгария'),
(27, 'Боливия'),
(28, 'Босния и Герцеговина'),
(29, 'Ботсвана'),
(30, 'Бразилия'),
(31, 'Британская территория в Индийском океане'),
(32, 'Бруней-Даруссалам'),
(33, 'Буркина-Фасо'),
(34, 'Бурунди'),
(35, 'Бутан'),
(36, 'Вануату'),
(37, 'Ватикан'),
(38, 'Великобритания'),
(39, 'Венгрия'),
(40, 'Венесуэла'),
(41, 'Виргинские острова (Брит.)'),
(42, 'Виргинские острова (США)'),
(43, 'Вьетнам'),
(44, 'Габон'),
(45, 'Гаити'),
(46, 'Гайана'),
(47, 'Гамбия'),
(48, 'Гана'),
(49, 'Гваделупа (Фр.)'),
(50, 'Гватемала'),
(51, 'Гвинея'),
(52, 'Гвинея-Бисау'),
(53, 'Германия'),
(54, 'Гернси (Брит.)'),
(55, 'Гибралтар (Брит.)'),
(56, 'Гондурас'),
(57, 'Гренада'),
(58, 'Гренландия (Дат.)'),
(59, 'Греция'),
(60, 'Грузия'),
(61, 'Гуам (США)'),
(62, 'Дания'),
(63, 'Джерси (Брит.)'),
(64, 'Джибути'),
(65, 'Доминика'),
(66, 'Доминиканская Республика'),
(67, 'Египет'),
(68, 'Замбия'),
(69, 'Зап. Сахара'),
(70, 'Зимбабве'),
(71, 'Израиль'),
(72, 'Индия'),
(73, 'Индонезия'),
(74, 'Иордания'),
(75, 'Ирак'),
(76, 'Иран'),
(77, 'Ирландия'),
(78, 'Исландия'),
(79, 'Испания'),
(80, 'Италия'),
(81, 'Йемен'),
(82, 'Кабо-Верде'),
(83, 'Казахстан'),
(84, 'Камбоджа'),
(85, 'Камерун'),
(86, 'Канада'),
(87, 'Катар'),
(88, 'Кения'),
(89, 'Кипр'),
(90, 'Киргизия (Кыргызстан)'),
(91, 'Кирибати'),
(92, 'Китай'),
(93, 'Кокосовые острова (Австр.)'),
(94, 'Колумбия'),
(95, 'Коморы'),
(96, 'Конго (Заир)'),
(97, 'Конго, Республика'),
(98, 'Корея (КНДР)'),
(99, 'Корея, Республика'),
(100, 'Коста-Рика'),
(101, 'Кот-д`Ивуар'),
(102, 'Куба'),
(103, 'Кувейт'),
(104, 'Лаос'),
(105, 'Латвия'),
(106, 'Лесото'),
(107, 'Либерия'),
(108, 'Ливан'),
(109, 'Ливия'),
(110, 'Литва'),
(111, 'Лихтенштейн'),
(112, 'Люксембург'),
(113, 'Маврикий'),
(114, 'Мавритания'),
(115, 'Мадагаскар'),
(116, 'Майотт (Фр.)'),
(117, 'Македония'),
(118, 'Малави'),
(119, 'Малайзия'),
(120, 'Мали'),
(121, 'Мальдивы'),
(122, 'Мальта'),
(123, 'Марокко'),
(124, 'Мартиника (Фр.)'),
(125, 'Маршалловы Острова'),
(126, 'Мексика'),
(127, 'Микронезия (Федеративные Штаты Микронезии)'),
(128, 'Мозамбик'),
(129, 'Молдавия'),
(130, 'Монако'),
(131, 'Монголия'),
(132, 'Монтсеррат (Брит)'),
(133, 'Мьянма'),
(134, 'Намибия'),
(135, 'Науру'),
(136, 'Непал'),
(137, 'Нигер'),
(138, 'Нигерия'),
(139, 'Нидерландские Антилы'),
(140, 'Нидерланды'),
(141, 'Никарагуа'),
(142, 'Ниуэ (Н.Зел.)'),
(143, 'Новая Зеландия'),
(144, 'Новая Каледония (Фр.)'),
(145, 'Норвегия'),
(146, 'Объединенные Арабские Эмираты'),
(147, 'Оман'),
(148, 'Остров Буве (Норв.)'),
(149, 'Остров Кайман (Брит.)'),
(150, 'Остров Мэн (Брит.)'),
(151, 'Остров Рождества (Австр.)'),
(152, 'Острова Кука (Н.Зел.)'),
(153, 'Острова Теркс и Кайкос (Брит.)'),
(154, 'Острова Херд и Макдональд (Австр.)'),
(155, 'Пакистан'),
(156, 'Палау'),
(157, 'Палестина'),
(158, 'Панама'),
(159, 'Папуа - Новая Гвинея'),
(160, 'Парагвай'),
(161, 'Перу'),
(162, 'Питкерн (Брит.)'),
(163, 'Польша'),
(164, 'Португалия'),
(165, 'Реюньон (Фр.)'),
(166, 'Руанда'),
(167, 'Румыния'),
(168, 'США'),
(169, 'Сальвадор'),
(170, 'Самоа'),
(171, 'Сан-Марино'),
(172, 'Сан-Томе и Принсипи'),
(173, 'Саудовская Аравия'),
(174, 'Свазиленд'),
(175, 'Святая Елена (Брит.)'),
(176, 'Сев. Марианские острова (США)'),
(177, 'Сейшелы'),
(178, 'Сенегал'),
(179, 'Сент-Винсент и Гренадины'),
(180, 'Сент-Китс и Невис'),
(181, 'Сент-Люсия'),
(182, 'Сент-Пьер и Микелон (Фр.)'),
(183, 'Сербия'),
(184, 'Сингапур'),
(185, 'Сирия'),
(186, 'Словакия'),
(187, 'Словения'),
(188, 'Соломоновы Острова'),
(189, 'Сомали'),
(190, 'Судан'),
(191, 'Суринам'),
(192, 'Сьерра-Леоне'),
(193, 'Таджикистан'),
(194, 'Таиланд'),
(195, 'Тайвань'),
(196, 'Танзания'),
(197, 'Тимор'),
(198, 'Того'),
(199, 'Токелау (Н.Зел.)'),
(200, 'Тонга'),
(201, 'Тринидат и Тобаго'),
(202, 'Тувалу'),
(203, 'Тунис'),
(204, 'Туркмения'),
(205, 'Турция'),
(206, 'Уганда'),
(207, 'Узбекистан'),
(208, 'Уоллис и Футуна острова (Фр.)'),
(209, 'Уругвай'),
(210, 'Фарерские о-ва (Дания)'),
(211, 'Фиджи'),
(212, 'Филиппины'),
(213, 'Финляндия'),
(214, 'Фолклендские острова (Брит.)'),
(215, 'Франция'),
(216, 'Французская Гвиана'),
(217, 'Французская Полинезия'),
(218, 'Французские Южные территории'),
(219, 'Хорватия'),
(220, 'Центральноафриканская Республика'),
(221, 'Чад'),
(222, 'Черногория'),
(223, 'Чехия'),
(224, 'Чили'),
(225, 'Швейцария'),
(226, 'Швеция'),
(227, 'Шпицберген (Норв.)'),
(228, 'Шри Ланка'),
(229, 'Эквадор'),
(230, 'Экваториальная Гвинея'),
(231, 'Эритрея'),
(232, 'Эстония'),
(233, 'Эфиопия'),
(234, 'Юж. Джорджия и Юж. Сандвичевы о-ва (Брит.)'),
(235, 'Южно-Африканская Республика (ЮАР)'),
(236, 'Ямайка'),
(237, 'Япония');

/*!40101 SET CHARACTER_SET_CLIENT=@OLD_CHARACTER_SET_CLIENT */;
/*!40101 SET CHARACTER_SET_RESULTS=@OLD_CHARACTER_SET_RESULTS */;
/*!40101 SET COLLATION_CONNECTION=@OLD_COLLATION_CONNECTION */;
